User id, First Name, Last Name, 
5, Ryan, Abatelli
8, Westbrook, Birkenhead
32, Bernette`Šv÷, Brabben
42, Shanan, Busswell
43, Cortney, Brodbin
44, Lillian, Bartlam
57, Dino, Bartlam
59, Saxon, Butler-Bowdon
70, Laurette, Brando
90, Sigrid, Bukowski
33, Glyn, Chidwick
41, Roarke, Cuttler
71, Kessiah, Chasmer
81, Murielle`ôv÷, Corns
84, Tobin, Covolini
85, Guglielma, Clementel
92, Red, Courtliff
97, Stevana, Covolini
6, Buddy, Dunkersley
45, Brigit, Domleo
31, Marketa, Erbe
75, Irvine, Etuck
87, Veronique, Eustice
14, Tina€u2Xì, Featherstone
16, Afton, Follacaro
19, Paulie, Frearson
39, Nadya, Furmenger
55, Fraze, Flicker
61, Loren, Franceschi
64, Dode, Farryn
67, Eula, Frearson
11, Batholomewœ€EQÇ÷, Gibling
1, Dale, Huddy
2, Gnni, Huddle
3, Odey, Hakey
7, Alexa, Hought
9, Ree§, Hughf
37, NicoªªªªªªªªªªªªªªªªªªªªªªªªªªªªªªªªªªªªBarretªªªªªªªªªªªªªªªªªªªªªªªªªªªªªªªªªªFarrellªªªªªªªªªªªªªªªªªªªªªªªªªªªªª58, Milton, Huonic
100, Gelya, Hember
25, Lynsey, Innett
63, Carlen, Iverson
73, Jarret, Ingall
18, Horst, Jellico
15, Helyn, Kulas
66, Ogdon, Knowlden
28, Byrom, LeMarchant
54, Malinde, Lamperti
89, Shandeigh, Loveday
12, Brinn, Mattocks
13, Lynna, Mechan
22, Anne, Millthorpe
23, Issiah, Merrisson
29, Major, Matchett
34, Issiah, Mattocks
35, Karney, Merrall
36, Dino, McGrotty
40, Tabby, MacCathay
62, Constancia, Matushevitz
78, Ainsley, MacDiarmond
79, Stefano, Manssuer
82, Sergei, MacCathay
83, Worth, McGreal
86, Darn, McMechan
91, Lorenza, Mussared
95, Maryjo, Matushevitz
26, Rhys, Overbury
50, Ermengarde, Olenikov
74, Kahaleel, Oboy
76, Anne, O'Neill
99, Ethel, Orriss
20, Cary, Patrie
27, Timmie, Parsley
53, Griffy, Peatt
88, Libby, Petty
96, Adriano, Patullo
65, Leonid, Ribey
77, Hakeem, Rosenzwig
4, Waite, Scarf
10, Hamish, Segot
24, Bernhard, Savaage
30, Hubey, Syncke
38, Gannie, Smallcombe
46, Buddy, Sinnott
47, Linea, Struis
51, Bonnibelleªªªªªª, Sokill
56, Codi, Scotchford
60, Cordy, Swainston
68, Farley, Simonich
72, Raynor, Shout
80, Jessica, Suett
52, Rosita, Veare
17, Merrielle, Whicher
21, Niall, Winkless
48, AvivahbÀ, Wabersich
49, Cobby, Wood
69, Trumann, Winfield
93, Rubina, Warwick
94, Shandeigh, Wesson
